Timesteps_trained,rewards_mean,rewards_std,rewards_max,rewards_min,rewards_median,rewards_25,rewards_75
100.0,-8.913702808092872,0.5346572698996527,-4.226169592374068,-10.47104146525136,-8.936038488580493,-9.299221629366137,-8.569270398434718
200.0,-6.737600776522335,4.090174457747124,-0.004309785680722225,-16.270980208989695,-6.422088008482072,-9.584961873876702,-3.4270282847387525
